{"cameraMode":{"drawMode":0,"name":"Shaded","section":"Shading Mode"},"sceneLighting":true,"audioPlay":false,"sceneViewState":{"m_AlwaysRefresh":false,"showFog":true,"showSkybox":true,"showFlares":true,"showImageEffects":true,"showParticleSystems":true,"showVisualEffectGraphs":true,"m_FxEnabled":true},"in2DMode":false,"pivot":{"x":1.4613540172576905,"y":-0.30432963371276858,"z":0.6555726528167725},"rotation":{"x":0.2692950963973999,"y":-0.3663378059864044,"z":0.11163625121116638,"w":0.8836489319801331},"size":3.8379271030426027,"orthographic":false}